deposit_id,player_id,deposit_amount,deposit_date
f64e3dfc-bfbe-4c7a-afc5-97382fb21e66,7631de9d-dde9-4863-a2bd-33886db99102,351.49,2023-01-01
4c636e95-025f-4543-8997-623ae0723d96,f10c718b-1eb0-438a-a75d-d5af3c365296,321.08,2023-12-20
fba57cc8-edaf-4766-9b78-0ede9a4ffc0c,a76afde6-ce9e-4a11-bcbb-4e59fbddcf7c,68.91,2023-06-25
a42d0cd7-fd35-4f6a-b450-388748d90846,4dd8eb85-b04d-4376-b7fc-97031fd5a423,390.79,2023-10-11
f0458043-e3a6-4a70-be71-0b558639bd41,b07aa066-7354-45ea-a894-9b8d00af5b3a,428.14,2023-05-29
45d8a6ad-77d0-459e-8114-14f8d9df0d0e,f2f9e5fa-9016-4161-8fa7-01cd2631d00b,308.2,2023-01-20
2999394c-54a7-469b-9cd6-6b09cf0e6d2b,8441aefd-0299-436a-8e48-522346b98991,78.11,2023-12-17
b7f60cdf-41dc-4c60-a5f6-0735757b6b29,a6f2f7b8-0cf3-4b58-9910-8be58ce21ea3,492.25,2023-05-07
ca6fbff8-564c-4bd2-bc92-fd81039b058c,764414fd-8ae7-49ed-9e8e-de0ba85c6e4a,395.66,2023-07-04
317304b5-c1dd-484a-aca5-8d95915a1c30,85c7504b-c693-4a11-b9c6-a1ca9e50aa42,186.66,2023-03-08
e5a4983b-a383-489a-9b2c-6ac89c678393,939b462d-e645-4129-a29c-2ae31d9af659,225.62,2023-04-07
53f30073-83e9-4ef4-ad7d-f5d0d3b59af7,10714d51-36c5-4dac-b4d7-e28e271e3ee2,197.87,2023-01-25
2f4dd219-186b-4880-ab54-5a15669d01ff,1337739e-8d4f-4d27-ac7f-0b793d67cde9,262.86,2022-08-19
3f800385-ef92-40b6-92d7-8f107a3a6e96,c88a618e-fed4-457d-bb02-6576f512c4c3,183.79,2023-03-10
725d4259-3c4b-4eec-a231-ee7342c2d2eb,b02b61c4-a3d7-4628-ace6-6fa2fd5166e6,427.8,2023-12-26
4d4c5280-5462-42e7-b43b-a0524459bd6e,cd29a36f-2222-42e1-b4da-aebf1f115b76,414.72,2023-08-10
42f525b9-02ed-43ce-92a8-1713b90ed44b,c19ad58c-c35b-4c8c-8a4c-9f7f9384ec2b,70.66,2023-10-06
0fe76149-3c7e-4368-b159-48475c0b9b10,d248a9a7-ac1a-4554-83c7-5611ffe3fa49,481.18,2023-12-29
28e333b6-4e8a-4c4b-b724-20411e43fbd2,4d71c366-b41b-4143-8b10-550cd5704f32,325.08,2023-09-25
e5267a2b-ec50-4ce4-80a5-2e65afa28559,10435a10-98ae-4334-ac12-ace8ae340454,417.78,2023-06-24
ea87855e-a382-45d3-9e0e-f546b0b6dedf,39118497-3a43-42ba-9f0f-06cbcb9bc326,359.51,2022-09-05
3818cfd3-3889-436a-9d58-17e85e175b66,96ef2ad6-b97e-4703-86c8-adfe7bf47042,229.03,2023-09-08
bf6b8cdf-7479-4b61-a737-2b527a6a2107,464c04af-3d3f-4799-a072-95e97c0e8cd8,372.22,2023-12-27
b3b26337-6a74-4bb7-9fa5-e0aa9b11b530,f2311f17-9586-4a76-8511-55ffe7a37e81,483.43,2023-10-09
899ac252-c1e1-494a-b888-3058e9ad0e9b,4eea04e7-0ab5-4bde-a0a0-45026e068097,149.64,2023-03-29
c1369c65-ae2a-4341-bf59-e4f2c3093b6e,1b3dbd5c-e9a1-4a6f-81f7-6d1c2dbc2134,407.94,2023-11-15
b42a0456-8736-4a84-b25e-134d86879aa9,a76afde6-ce9e-4a11-bcbb-4e59fbddcf7c,278.32,2023-07-05
1cb9b73a-906d-4c8c-aad0-8c8913fe8a29,e87d1c78-e7c4-41c7-8049-7b717d106c60,252.08,2023-10-25
8167999f-e723-4da3-8c32-bdb2d42a895e,f0bbac67-aa38-40a1-aba2-5efe311c6eb6,229.08,2023-03-28
2a1f1b61-265c-49d9-8962-8f6e929c93b3,a39231a7-d777-4477-8c66-e0a8a013ac6e,370.89,2023-06-06
1dc1e7eb-711c-4673-8535-1a69dabf984e,3985c3cf-3f76-4e1d-9efa-21977394988f,148.83,2023-08-01
7d23d479-9549-4a82-b787-ef8d3495311e,6cd5e859-32a4-47b2-af04-e57dcdccc33a,428.82,2022-06-09
cf0671c7-720b-474b-82a7-f586e61d9cde,6cd5e859-32a4-47b2-af04-e57dcdccc33a,418.75,2022-05-13
6a5943ce-8364-45e3-a1c7-1aa3741423b5,3e351128-7900-47f9-9382-9b43922fe15a,61.6,2023-11-29
765e6cb5-8f0d-4540-8ec7-d662905c7bdd,72bb912d-7da6-4785-b63b-4dc3a559e463,443.18,2023-11-06
41241bb4-655c-4508-8592-bfa5b928e23f,0d557b61-8a17-4dfe-bfc0-0dc804f64d86,137.05,2022-10-01
12b2102d-940c-4503-b7c8-6152beed0af9,eadf5085-3fcb-4546-8eb2-25790cdb1ca4,243.06,2023-10-25
105291d3-b34c-4c73-9833-0b306c776e95,ce7ae7f6-3982-4cff-8f77-a665ac3c5640,312.96,2023-07-29
e4eb8000-ef40-4162-8f6c-e9bffe7ee362,989bc4da-9b37-422b-aa8a-616fc3b290d0,201.91,2023-09-20
081fc6dc-78d9-488a-af0b-ea4ffc737d92,d261a7ab-3aa2-44f9-8e51-f30dc6a7ee39,33.78,2022-09-04
22ab7752-c4db-4a62-ae13-418d68ab80ea,ef48e8d5-50fd-4d3f-85d5-169590b2b633,428.46,2023-12-02
f6ba745b-a558-41e3-bab2-b77dfa740cc8,561e16d1-6105-416b-ab0e-664e9c3eb2d5,107.28,2022-12-15
61ea2f30-e42e-407a-be2b-d9875fdcabbf,fcf56188-d32e-4dcd-83bc-9478dd6ac7b8,121.82,2022-12-15
60a399d4-e821-4716-aac8-0da1de9f6f5b,4c1f55ab-7156-49ee-a893-be3d7354ea6f,402.96,2023-12-06
a96b3c42-f6d2-4a7b-aec7-6a82148b4376,3a3c563e-4bd6-4ee6-b1b1-b099d52721e7,183.36,2023-11-30
59077299-dc3b-4dd8-a74e-02a9220b9ea9,11e9cdaa-6e69-41a3-9d3d-9e563270e4fa,442.55,2023-07-16
649f7d88-8989-45ab-be2b-34d82db0728d,26242b40-a5cb-43a2-b98d-1ca68b6870b5,356.57,2023-12-19
390239d9-fa8d-4e42-ba54-e9202099d180,edcb8cb6-0692-4c63-9424-aed51bac5c15,152.61,2022-09-02
4c61845e-fa7e-4d94-85d1-fb63c194f97f,0a8381be-c85a-4a46-90e0-f4a0fbdd3933,24.87,2023-09-21
6c93a791-8b60-4511-b816-8aebac6a7c85,2f32751e-5738-411d-b0c2-903f7a8d03aa,475.07,2023-03-29
3f5cf2f3-3acb-43a3-92c7-bffb6118433b,1223b513-5496-463c-9c11-10c1080aadfb,61.09,2023-08-01
3040413c-4690-4b15-a7b6-08dc589decb0,f6f7f0cc-29ec-4e49-91bd-b8c0c71d5e60,365.64,2022-11-25
6b535a19-a902-473f-8f39-f648083f64c3,371ecd7b-27cd-4130-8722-9389571aa876,254.52,2023-12-14
e39836bb-e23d-4faa-afad-49e9c41c147e,abf3e3fc-2181-4d25-a552-38a643ff5011,383.92,2023-05-23
19d45deb-1139-4a12-b4c1-c3ea3d9c4e64,acdabacc-1165-4210-9854-3881118a9d29,351.49,2023-12-28
ac09bdb7-9908-4e47-b249-f62c08987462,157d94a1-06f0-48ff-a9ba-5a27907bfe36,330.03,2023-06-02
66fadca0-0b53-4932-bd94-19aa3ea6e5b2,85c7504b-c693-4a11-b9c6-a1ca9e50aa42,255.59,2023-09-28
c11f6bf5-379e-4467-8a2d-b2e63bfda8a6,2e8d0e87-5334-40e6-99d8-0b8d7e8adee7,400.61,2023-12-15
80ff5173-23df-4cd7-8e73-1dd7c6ac1b04,85c7504b-c693-4a11-b9c6-a1ca9e50aa42,64.67,2023-06-04
bb44badc-ea98-4ef8-90d7-5e373bf2025f,0c0fd195-c17a-408a-9745-d6d87e570ddf,126.37,2023-12-25
c5c51060-9911-41e7-93d5-63ae51a3ac26,ed3049cf-43e4-48fc-a3f2-ae24fc3d3348,352.06,2023-11-03
24acb722-e052-4739-8d40-6f1b3ca5be29,8a476a87-e49d-481d-91d8-7c6455fa1ab8,166.98,2023-07-29
4ceda164-69df-44e9-b896-41dd8570b59f,ef7ddc76-b92d-422b-a1df-306f8a0b3c33,299.15,2023-11-30
97777f10-f2d2-493f-8e85-140d0f9aeb70,c84a7b28-550a-4b46-acab-3301bc8f7d29,247.17,2023-12-26
8e4c3ab5-6d5d-4477-adc2-9178a0411612,663f1c97-9562-49f0-a5d7-b8756dadd6c7,274.84,2023-10-28
f10bce9c-582b-41ee-b8e8-035b0c00988a,95d82980-ff37-419c-ae76-128b473544f9,224.24,2023-09-27
b2414482-5198-44d8-8643-3603c92a7d7c,e6697833-b841-40a0-9fe7-71d6d9178793,378.05,2023-07-11
605fb1eb-4cc5-4e0d-a633-20186883ac6e,49c8a43f-7ed7-4ed7-b194-990b6961929e,178.78,2023-08-09
3db0174e-7938-478a-89b5-aab0c12169db,dc0f2fcf-b3f6-4e0d-8860-3b32b4fb0eb9,357.37,2023-11-13
b523c0de-db87-429c-8cfd-0fc139b02e2a,c715b2b9-c40c-4d91-86fd-e062a33dc7af,150.04,2023-04-06
0ec0713d-ea2c-4a51-b688-d11fce4758be,4e2d6645-6dc7-4ac7-bd72-b05096a9954f,140.67,2023-10-22
8eaa5841-6aa0-426d-b7c0-d5f769a53b4f,96fc734d-a003-4d28-8a8f-3653c9af18f8,77.91,2023-12-20
41476506-3e2b-49c9-a36f-6e5c2253e706,7de31a51-6694-4343-90ba-58e3d2762bdc,112.44,2022-08-03
ec170298-143d-45b3-a58e-83dd548c1d84,e6b3c944-cb32-4e35-b922-bac282dc4c8e,77.39,2023-12-07
891f6912-17ab-4863-9efe-ef4fd8ddbbc0,1efd76e9-ce37-44af-99b4-9350af2b99b4,277.21,2023-10-17
ac75c344-608e-449e-84b9-e6020d31812e,b74d0fb1-32e7-4629-8fad-c1a606cb0fb3,385.85,2023-06-04
cdfd9531-302b-4831-92a1-fe7ddfa59722,2af43ab7-5e6f-4a07-8453-6f1d41992fdf,108.87,2023-11-30
378e6510-8f10-433e-abe4-2e7db96c1163,bcae8081-bdf0-40aa-b0b5-156bb82c9074,123.86,2023-12-08
553d2625-e833-4da5-9e95-d6953579c143,3985c3cf-3f76-4e1d-9efa-21977394988f,252.42,2022-10-12
363908bf-03ec-48ff-a8b3-d763f4ff3f3a,8c41561b-e827-41b9-94a0-2e536d3ee1dc,367.8,2023-12-11
1e086f20-bdd1-41b0-b64a-b6ec30a5648e,dc8aee30-be60-43f7-a8be-9288e5af6e39,488.77,2023-10-21
ea18d32c-7a9a-4ef5-811b-d1c4ffe3f366,fcf56188-d32e-4dcd-83bc-9478dd6ac7b8,271.83,2022-07-08
345af934-b42a-4d93-9aba-0f15b2149062,a7cad415-366e-416f-908e-bad7b7c93acf,155.84,2023-06-26
52555c75-8d55-419e-bd44-cb2cea45ba41,ccc56569-f9e8-4369-a999-b735dd56cc94,68.25,2023-11-15
a6129a1c-889d-4b76-b75c-30b561730c48,49e2623d-ebd3-4616-91b7-8d8ed3016989,113.18,2023-04-26
8347f1da-5c11-4b6d-82f5-b3f54ef4c34d,a56c0941-fbf2-4050-a748-dbcfac619e63,129.19,2023-04-08
fb37afae-cd85-43ca-993e-638d774c0afa,19985f15-ff00-4d4d-9020-59e4ff9ab5c2,106.13,2023-09-10
51facefa-d6f8-4f7a-82fa-1da878308631,b380c73a-989d-4d4a-a15c-a6664797b2c9,26.79,2023-12-29
69f753f1-501b-4851-9ee6-8495340029c3,baa4b71a-dd24-47ac-b78e-edb3693dffbc,276.38,2022-03-19
bdc2b74b-38a5-4b49-9d34-aa1890019ed4,284d82e5-87f7-41fb-9a4b-d9caeb5cf467,151.67,2022-06-07
ef4c5119-8da5-439b-82c2-17970426fcc9,3c07c574-4925-4af1-b6aa-e05b13d5f2f7,487.66,2023-10-27
4b91b8cb-6ae6-4582-b852-b3cd9442b5e6,3eae0032-0bd4-4990-8640-be0f25b8fd4b,285.61,2023-03-05
613d2de9-3ae2-4023-9472-0d2d32399ffb,5a8aaeca-1a50-4ec3-aabc-25fa3fe12e47,354.76,2023-12-17
8cf6e8b8-7fd2-48c3-bee8-2983d5574241,56dc8907-ba6c-44ab-a712-303a0f844fef,80.61,2023-11-18
7d1645a0-d253-4966-836b-9a0a41e02a89,b00805cc-a7f3-4ae9-a5c7-3c443e75c3b4,436.86,2023-07-21
75f8e3a8-7d97-4c0f-bd56-09c4a4461663,c521bf2d-dc45-4539-803f-3538e4855aa1,255.62,2023-11-27
2b54ff7a-5a28-47b2-8b83-83f2bb96f602,6fa17735-b572-43d0-8b5c-ea6a41357e8c,438.91,2022-04-20
2f1dc121-7d02-4c6d-8bea-75c1b86677aa,da7b9095-63d6-4a39-80e3-befd4c71e0fe,295.55,2023-12-20
0f09105c-f50d-4a37-a44d-9fecfd85d7fa,85c7504b-c693-4a11-b9c6-a1ca9e50aa42,245.31,2023-12-03
13075157-d8c1-48e7-96cd-315508a8ac7f,f54ad0a2-e874-46d7-ad66-a1bd93676a02,231.43,2022-11-25
2332a50e-6992-496e-81a2-5ed1c3abb5f1,7631de9d-dde9-4863-a2bd-33886db99102,108.49,2023-09-23
26a9e100-b509-409b-9166-58ce3b3f3800,9132b63e-f162-47e4-a9c3-49e03602f8ac,44.66,2023-11-12
5f8a14bd-74bd-4c93-8177-b66137fe032c,a0ee89ae-d453-4d32-8b0d-bb418d5288f1,471.71,2023-05-19
ef145064-aab0-4015-a342-2e509e2a7324,bcae8081-bdf0-40aa-b0b5-156bb82c9074,249.31,2023-12-09
01b158e9-0406-4f44-bce4-0679a8c6dbc0,506e5a9a-b758-488d-ab73-295b344a54b8,414.62,2023-08-22
04482a22-0308-4a5e-a94d-7b008d388327,b00805cc-a7f3-4ae9-a5c7-3c443e75c3b4,212.34,2023-02-20
fa3c1628-8926-41df-8655-68b7b8e19f56,764414fd-8ae7-49ed-9e8e-de0ba85c6e4a,55.56,2023-06-27
b2a6e468-d02b-4243-8091-3ac10463750e,8babce3b-2628-4bfb-a767-dceab0e6a969,322.13,2023-07-05
e8e6e840-f090-45a0-8e61-01996e3a0ba8,35c7936c-5b99-42c6-a61f-ecc00a368ce7,45.73,2023-08-22
863e1f2a-18a8-46ef-ab05-3fc41b656dab,ccc56569-f9e8-4369-a999-b735dd56cc94,91.61,2023-10-20
86c5d1d6-9ea9-4508-b122-75923db02235,b8a6171f-1ee3-4dc4-bb04-8a8b405bfdc9,290.16,2022-12-12
cb80f288-446f-44dd-9abc-a6e5d0b1e3eb,6123fdf7-7656-4f72-a9d4-beef3eabedcb,165.84,2023-06-02
67f1698c-f594-4a54-9f80-4eeb143a9aff,33173470-38f1-4a81-b87f-2425dbccc477,497.08,2023-11-10
b27e1442-fd7f-4973-be42-df5b90a3fbbf,ae849217-1d53-434b-b881-39b9ae270da7,76.86,2023-11-29
d90dd19b-d3fb-4043-af1d-5a1a4ccb2355,77d21e02-ff01-4f99-988c-24c961b1cd22,386.93,2023-03-18
a65f7b8a-dbb4-4021-bdde-64afa75b395a,9132b63e-f162-47e4-a9c3-49e03602f8ac,311.03,2023-11-15
608e2f5c-6117-4270-a7c0-518b17efa621,939b462d-e645-4129-a29c-2ae31d9af659,399.56,2023-07-31
026b5383-a301-4c03-8e5d-8c6a79db7862,15b52908-a8aa-4158-ab70-e525bc67f831,128.33,2022-12-20
6f14b3f6-d867-488b-bff6-b824152aeaec,8ce6424d-bef5-4fe6-bf23-3d5f6cedd15d,270.83,2023-05-29
f94d8fcb-dba3-496f-ba32-3f6990dbfad6,f1afdb65-b289-4224-8ac9-778d8da8eee4,236.25,2022-06-22
0ae4ac11-eb4d-4f42-8735-70a2e5110961,6cd5e859-32a4-47b2-af04-e57dcdccc33a,232.51,2022-09-25
b139c476-de3c-488b-a6b9-d31a361f6d90,a79ac9aa-9b4e-4c24-9479-e1e6c9277d9b,432.88,2023-11-22
ec95b3ac-0beb-4c34-8566-7c4879ba630a,1223b513-5496-463c-9c11-10c1080aadfb,495.22,2023-03-04
e63949d4-47c6-4688-acf3-2053af36b8cc,815ef6d1-3b8f-4a18-b7f8-a88b17fc695a,166.58,2023-11-09
2dea2d2d-086c-405f-a879-d8f890422eb7,3805f907-6cd6-4193-8746-8f591b494e15,318.09,2023-01-16
9647ff9f-3508-407a-b622-d84204022b3c,10714d51-36c5-4dac-b4d7-e28e271e3ee2,312.62,2023-03-10
d226a8b3-b674-410d-9218-c9d6c093bfb0,a8499b92-6b52-42e3-94fc-dd549e8fc965,375.24,2023-08-31
299656e2-4c9d-4907-93b2-2cecedcabf94,ed3049cf-43e4-48fc-a3f2-ae24fc3d3348,474.84,2023-12-20
d9750f00-d5ab-48ae-9112-fbc03d8f95f4,560c95ee-638c-454c-876e-2bba7c5308bf,119.74,2023-11-02
54ec3f33-8a62-4cbd-a582-b678ad5229dd,8dedf9fb-4bb0-4f20-b27c-40266703b636,121.29,2023-02-01
ca5e151b-23d3-4d4c-bd5f-f093c16f9bcc,464c04af-3d3f-4799-a072-95e97c0e8cd8,337.01,2023-12-26
8033f5c2-1413-464d-b962-c8a7b076a7dc,4dd8eb85-b04d-4376-b7fc-97031fd5a423,95.39,2023-11-19
1901ef87-0dbf-4caf-988a-3f87f96d40f8,95d82980-ff37-419c-ae76-128b473544f9,103.43,2023-11-09
57311609-1375-4e90-96b3-61e43b6dca0d,dc8aee30-be60-43f7-a8be-9288e5af6e39,56.03,2023-08-27
9879cf35-f471-4986-9d26-4599c4dd8df5,54c63cd8-8945-4f27-97fa-2d8dfb2ca025,21.28,2022-11-26
07958c1f-538d-4b8c-8607-b1e9f80b2cea,3e351128-7900-47f9-9382-9b43922fe15a,236.24,2023-10-25
7d98302f-7357-41e5-be1a-1ba9c8969c5b,9b3080d5-6fb7-4271-904d-281fc9535b63,305.03,2023-05-01
601bfbcb-f0ee-4cce-8d93-e14a5b167158,87ea7ff5-8db0-4746-b927-99735e781fd7,159.8,2023-08-26
a921cb4c-95fb-4976-ae00-7b7e2f8c83e5,9e87e04c-a208-4977-a9f2-533683f4a9a9,131.11,2023-07-10
4b9dfd58-9e5d-4c7a-85ac-c35415f00cb4,3985c3cf-3f76-4e1d-9efa-21977394988f,359.34,2023-10-31
15007170-12d1-4585-b68e-47fa3f175534,8dedf9fb-4bb0-4f20-b27c-40266703b636,357.43,2022-11-03
c8ad0899-b630-494d-a147-adeb277b0667,4c1f55ab-7156-49ee-a893-be3d7354ea6f,237.94,2023-11-14
5c56d9bc-5111-431d-a3be-441dbd5a0c9e,8a476a87-e49d-481d-91d8-7c6455fa1ab8,349.94,2022-05-25
4eea9db8-f165-4779-8154-7950176de21f,8babce3b-2628-4bfb-a767-dceab0e6a969,463.48,2023-01-08
1a2bd69c-450f-49ee-82e7-9a985c238d8d,e43e4288-a2b5-4498-9cb8-5aedf5f62c97,398.16,2023-10-18
72e76b51-6e54-4c6d-aff8-e87e16591c89,ce88cb2d-d4e8-4839-bc3e-058be0f3eab0,320.03,2023-11-02
1a7167c7-6875-4545-832f-52c48e0370cf,bf3c4c06-4343-48bc-89fa-6a688fb5d27b,337.37,2023-04-10
17d30f32-8de1-496c-9a9a-206a16f142a2,57c700aa-b7b5-4ea7-b5eb-d32d9ad620ab,468.16,2023-09-14
dd1ca267-530d-4da6-88d0-f9e5991965ea,a0ee89ae-d453-4d32-8b0d-bb418d5288f1,224.07,2023-09-22
6346d4ef-69ef-44e3-8ab6-821c0328c136,0db95301-afbb-411a-a123-5a8c93b7a886,281.39,2023-12-24
8f3dc97f-e6b0-4a0a-b98f-5dbe15aede0f,27a0c3d7-7c96-4f79-b7e9-9acaa97065e1,330.86,2022-12-02
af70de70-2b69-495e-8567-1b58926bffa5,49c8a43f-7ed7-4ed7-b194-990b6961929e,456.04,2023-10-24
4d16f049-44d7-4f9a-a38b-05b72b64777c,89d7fd6c-ce77-4f00-acf2-7e7685197ff4,416.78,2023-09-30
2ace1aa9-1032-46b3-a55b-fc1c7e3d5ee4,e87d1c78-e7c4-41c7-8049-7b717d106c60,54.28,2023-12-01
7bf69552-4cbc-4044-abcd-5ce746a56fe8,43e42caf-8181-48cc-b691-47eb89a2688b,99.64,2023-12-11
f1b88d65-406f-44d6-9c72-aebd13b11e59,1337739e-8d4f-4d27-ac7f-0b793d67cde9,167.65,2022-11-09
9803b22e-7eec-488d-a002-352ab88cddde,3764fbda-3108-4448-af65-fafab0ae8f08,379.5,2023-11-24
22af711f-1b62-4a9d-b536-6b9f320f72c0,310c0c00-3fa7-4104-9bf9-0e27dc96925e,293.22,2023-01-19
550c2fe9-654c-41d9-b2e6-182801bb819c,cd29a36f-2222-42e1-b4da-aebf1f115b76,158.53,2023-11-18
dcb9075e-cdd7-4460-a140-77d39ec4ea48,0658663a-698c-406f-a1a4-7e102d534dd0,79.69,2023-01-30
d0c30018-6e3c-4d4f-95b1-45e470b27304,19985f15-ff00-4d4d-9020-59e4ff9ab5c2,350.57,2023-11-27
982a2277-f966-459f-a6aa-59e5dc08bf29,35ce8841-4973-4d6c-8dca-bfb7001a9a8b,355.87,2023-03-15
f280df1d-9a6c-4db9-9217-1c884ce953a7,1efd76e9-ce37-44af-99b4-9350af2b99b4,472.48,2023-10-20
f6ee5cdb-2d79-42d1-906e-50c77aa061e9,ccc56569-f9e8-4369-a999-b735dd56cc94,260.23,2023-12-08
bc20b9f2-4a9c-489e-91b3-0182f7fe604f,6c6f7633-a260-4723-97a0-df490d01280f,257.02,2023-12-13
936cd31c-f7bf-4244-bdb2-a7aaa205e54f,badcc32a-c159-4f53-8a0f-4efbedcd465e,58.61,2023-11-18
47c1c017-6045-4909-936d-47d73e0f84ce,a5e5a5ab-aefc-4ad8-afc8-9849b3aa7efe,39.13,2023-11-21
1d27c09a-5d71-4898-a497-6593c92e8c93,baa4b71a-dd24-47ac-b78e-edb3693dffbc,227.37,2023-04-25
8bae591e-ff4c-410f-979c-30cf33261887,dc0f2fcf-b3f6-4e0d-8860-3b32b4fb0eb9,174.71,2023-02-26
06e3f949-8cd3-4c62-8482-9b71ae84b81c,32c5bd89-b70b-4420-b104-3785658b2523,140.18,2023-09-16
35ab8466-b557-4b00-b166-cdcf762cdfbc,2a935d62-3c83-4dc0-9944-1fa5c0e9ab30,63.84,2023-10-18
b15da72d-d4ce-427c-8a94-ae9fcc351e4f,dc8aee30-be60-43f7-a8be-9288e5af6e39,481.72,2023-01-30
cb881c32-cbb0-4a8b-9908-a121d1a7ba20,6c006f61-23e2-4cb4-b2d8-567d894a05e4,421.26,2023-04-05
a2224f96-23a1-4e20-bfd2-55eeac484366,6fa17735-b572-43d0-8b5c-ea6a41357e8c,296.1,2022-08-25
2775ee42-a89e-42f2-80af-bf3f3df51967,ab61a7b1-793b-4c32-a050-04943d114802,476.38,2023-10-06
12ef6101-6082-486f-8a00-ef586c521d13,c2b01cfd-d045-4d1c-a684-09e3f1f8343e,499.79,2023-08-25
950df1a0-7aaf-4001-9912-316afd9e8e20,d7c524a5-5304-417f-af42-e12f3838b326,342.7,2023-11-05
eb9ed274-ec6a-47ad-81b1-5db988cc4d49,57c700aa-b7b5-4ea7-b5eb-d32d9ad620ab,149.37,2023-11-27
ca6caf9b-0969-4101-8b2c-550a6b15c11b,98326856-9434-4a03-bf07-f81491d63f78,39.31,2022-11-06
8972abbd-cff2-41c4-a53f-9644b39e4df2,b2b9437a-28df-4ec4-8e4a-2bbdc241330b,383.01,2023-01-30
a85894df-3f8c-4097-84da-2c2e1bffa279,a0ee89ae-d453-4d32-8b0d-bb418d5288f1,245.84,2023-09-10
0b570720-9cd8-458b-a5a1-c8252a9528c3,1337739e-8d4f-4d27-ac7f-0b793d67cde9,332.72,2023-07-13
a590fd3c-ad6e-4c57-a520-c3d0fbcdbf5e,3764fbda-3108-4448-af65-fafab0ae8f08,459.71,2023-10-13
f73936e9-54e3-4579-80af-d193f780ef2f,ccc56569-f9e8-4369-a999-b735dd56cc94,107.11,2023-12-14
423cad9d-193e-4783-82b3-42541b1f2eb1,4eea04e7-0ab5-4bde-a0a0-45026e068097,300.96,2023-04-01
8ed8a80d-84cf-4e39-bf31-c29f82bbad84,edd96831-1ca3-4cfb-84fc-6d827d154385,324.7,2023-12-29
64215e66-5fc6-4cd0-b21e-8b1f38958939,9a8dca03-580d-4b71-98f5-64135be6128e,256.03,2023-07-19
b0c07fcc-96ad-44df-adf7-5924c5b8386b,dd334cc7-ab7f-489a-8d5f-4822696608aa,63.8,2023-10-30
0649bcf6-ff69-423d-984f-c85b2697384d,de8a774b-cf36-458b-8737-819096da1dac,187.02,2023-01-15
eba900e1-6a7d-4d96-8ba1-72331ac3bf31,6c006f61-23e2-4cb4-b2d8-567d894a05e4,179.99,2022-07-28
baeb286b-f0d0-470f-94d1-3d551db6b844,464c04af-3d3f-4799-a072-95e97c0e8cd8,341.66,2023-02-01
7490adeb-57d3-47d3-8fd8-0bbb592c1107,de8a774b-cf36-458b-8737-819096da1dac,431.71,2023-09-07
592a3549-7ba1-49d0-8567-c80534f541c0,b540b30e-039f-4a25-8d61-68bd2defe193,178.31,2023-08-22
b25f13df-b8d4-4848-b02b-a49f18fdd2b9,8ce6424d-bef5-4fe6-bf23-3d5f6cedd15d,352.96,2023-08-31
0b705933-4cde-4b6b-9132-567c51a40d2a,10714d51-36c5-4dac-b4d7-e28e271e3ee2,158.34,2023-02-16
a5e15b55-57d3-44dd-9963-dc7205c8234b,c3fe0183-e172-4725-9b52-ca5805000bc6,473.69,2023-05-05
ee0f65a8-2a13-4c1f-8cd0-15c1ad5900dd,815ef6d1-3b8f-4a18-b7f8-a88b17fc695a,410.51,2023-07-16
28fea761-8d49-4e3f-aca8-f78384182d35,c2b6d2c5-fa5d-4100-91b7-e948d0e6e660,284.05,2023-06-26
76492e64-f55d-4e6d-ad26-8b378f5242d3,a8499b92-6b52-42e3-94fc-dd549e8fc965,238.32,2023-06-28
2f383b43-a137-48e4-a7b1-3040cc39b925,3eae0032-0bd4-4990-8640-be0f25b8fd4b,170.97,2023-03-18
6544e313-6ea0-4d13-a845-54c3a3f66c61,610461e3-2a25-4888-8f02-bad0e7067ef4,175.17,2022-01-24
3283daa4-e212-4b7c-9d36-1cb6bcc57be0,baa4b71a-dd24-47ac-b78e-edb3693dffbc,485.69,2023-01-27
0123a348-638a-4df6-adf7-2cd3979aa051,19985f15-ff00-4d4d-9020-59e4ff9ab5c2,214.0,2023-08-27
c0986750-4741-4b48-b4ae-4abd36fce0ac,9132b63e-f162-47e4-a9c3-49e03602f8ac,267.01,2023-11-18
df3a098a-ccac-4fb5-9a0c-6c0493cd1291,560c95ee-638c-454c-876e-2bba7c5308bf,494.3,2023-12-29
327375bf-5373-4f4d-9da4-9cb92fdc9992,10435a10-98ae-4334-ac12-ace8ae340454,335.68,2023-10-16
dcd5bfae-abb3-46a7-8329-97801d2c2721,6f4cc69a-4b22-4308-9c8e-aee95715bd6f,280.44,2023-05-18
503b4078-a39c-4ec6-b746-4c02871854c1,dc5c0eed-8da0-465b-b898-97b9405cacec,218.36,2023-04-17
9645f0e4-647d-4392-9c7e-b575637ddcd6,43e42caf-8181-48cc-b691-47eb89a2688b,110.04,2022-07-10
753659ef-d873-4ad9-9a1b-af0e591196dc,e6b3c944-cb32-4e35-b922-bac282dc4c8e,193.65,2023-10-14
ccf4ffb0-b4bb-473f-ac70-51d1d051267f,8498e113-b227-462c-b53d-4330cdda24ba,383.09,2023-04-21
15b24e1d-9715-4633-9d4e-db71eb2ec80e,20ac3703-eb67-446a-b7a6-e17cd72b6108,320.2,2023-06-20
4e2d6255-3d13-4a3d-9e2c-2e7d502cf0ee,dc5c0eed-8da0-465b-b898-97b9405cacec,384.8,2022-04-09
243012da-b185-4eb8-9f90-fc872edc017e,dc5c0eed-8da0-465b-b898-97b9405cacec,117.71,2023-02-09
234b4562-98af-4cca-ab11-b7cb63725424,f2311f17-9586-4a76-8511-55ffe7a37e81,283.63,2023-10-14
7c966b55-2f8d-4ded-ac4c-450b623ad0fc,e64d1bcb-7027-43a1-9f98-7c71a65e688e,465.28,2023-10-11
a52fc3ec-eb4e-4281-b184-d1fc8991b01a,14c8b3b4-a911-4192-83bf-d9313605bf54,230.3,2022-09-13
49f1137d-7d59-4e19-aab7-b2ef8e0ec033,bf7b539b-0f9a-4a4b-8acd-4e10bc594585,355.16,2022-12-18
7374ccbf-d78c-47d3-9088-50d32fe5b140,fb02bebb-4872-4a4d-98c7-472a864e9a13,78.28,2023-07-14
f3abea0d-5be9-4db3-9d92-dd7c0db977a9,e3c43657-1d8c-4bac-83b4-09ef2260e70f,487.11,2022-04-01
d0b1fde0-31f3-40c0-a2f3-f0687c0f549d,119c4ea3-e180-4081-9958-a499eeea163e,312.26,2023-12-02
a72f947d-8164-42cb-8fc3-d7d3f6bd80c7,663f1c97-9562-49f0-a5d7-b8756dadd6c7,134.86,2023-10-28
6a66c184-7de1-4f5d-af48-47f068bd075b,801ef1da-45b1-4d25-b153-3ae8670acc5c,96.02,2023-11-26
2ad11fe8-7d1b-495e-b1a0-449dd703262f,4d3485c5-c5c1-4eb4-b27b-3d901a16342c,284.4,2023-10-31
c2d49b56-cbbe-4980-87e6-7cb090bde900,9b3080d5-6fb7-4271-904d-281fc9535b63,285.08,2023-04-28
398f569b-465c-42cb-885e-b4894ac66780,38ba8abc-4b53-45e5-97d2-582e046a0df5,64.74,2023-06-23
90ce77e9-7513-43b9-87de-96ea2b0fbe44,49e2623d-ebd3-4616-91b7-8d8ed3016989,496.28,2023-09-22
8cbadae5-7ecc-4af4-8413-4dc2c5c5ae8a,6c4a37ea-4906-47f2-b47b-6dbac8fe3ccd,458.21,2023-10-03
44945e09-1d3c-45a4-929d-63771cfb655f,c3fe0183-e172-4725-9b52-ca5805000bc6,241.49,2023-10-20
8ac35ac4-5dea-4737-bdab-3441d2c2a960,a8499b92-6b52-42e3-94fc-dd549e8fc965,76.38,2023-04-15
8bddcee3-70fd-4672-b80f-16c5c28fa16b,dd59ba71-36b8-4481-bb3a-4e3e7c52fa17,419.43,2023-04-26
bc69c155-1a37-46bd-acd6-f011fd61f13b,286218b8-48f4-4f12-9e99-53d23e896c64,259.22,2023-06-17
0840405a-ffd2-4491-9ff3-89aa4c36a70c,e4347d51-c158-4092-b335-cba3513a7052,363.97,2023-06-02
d1151fff-dcb9-4d5f-993c-572b4347dbca,43e42caf-8181-48cc-b691-47eb89a2688b,264.26,2022-06-19
1e0d02b5-fe74-42cd-9d83-ad037066e289,cd29a36f-2222-42e1-b4da-aebf1f115b76,151.24,2023-10-24
cf8a368e-35ba-4357-bca8-7f31cfd7f3b9,e0c53cb8-3da9-42a9-8ed4-2f1a3d4cbf37,420.67,2023-12-28
dc6dafff-59c2-4153-b06b-0f0c96822e22,663f1c97-9562-49f0-a5d7-b8756dadd6c7,490.52,2023-09-06
c8ebe27a-23a4-470e-9dbc-15c02a7dc57c,e3c43657-1d8c-4bac-83b4-09ef2260e70f,136.99,2022-09-01
0f321333-ce31-4937-b4fa-32b6d0437e4c,8a476a87-e49d-481d-91d8-7c6455fa1ab8,284.61,2023-05-20
98cbaa52-47f5-4019-8843-8de259cf0b0d,96fc734d-a003-4d28-8a8f-3653c9af18f8,204.12,2023-12-24
b43cde0a-fa9f-410e-92da-f6812b1ac76c,7de31a51-6694-4343-90ba-58e3d2762bdc,462.5,2022-10-12
f3d04ffb-4470-4848-929e-cc924a11be44,8ce6424d-bef5-4fe6-bf23-3d5f6cedd15d,263.96,2023-10-18
d0afb235-ade6-4f51-a670-93a0fc48f615,4d3485c5-c5c1-4eb4-b27b-3d901a16342c,442.08,2023-11-01
c9230c64-c006-4b5b-b678-39b222b5f457,26242b40-a5cb-43a2-b98d-1ca68b6870b5,434.73,2023-12-16
46feacd4-fe13-43cd-8f2d-5c15eb346d3a,b8a6171f-1ee3-4dc4-bb04-8a8b405bfdc9,152.6,2023-10-21
21f8072d-ddb7-470e-b390-b059207bbe21,455ac762-7428-4656-b3ee-4d3b5a104129,399.2,2023-03-08
d4176230-5274-4e11-b61d-f906257035db,e87d1c78-e7c4-41c7-8049-7b717d106c60,219.17,2023-11-13
64880945-ad1d-4537-97f3-4368c2efeecb,e3c43657-1d8c-4bac-83b4-09ef2260e70f,468.44,2023-04-09
44caa5a2-a1e5-48a2-93d2-28d424655c39,72bb912d-7da6-4785-b63b-4dc3a559e463,263.71,2023-11-27
a2356dd4-1355-48d0-b3b5-bad5600b4b35,a6846099-f729-4951-8591-31d2bbda0242,413.86,2022-10-09
4739cc7b-bff3-4c8d-83ff-3e9667213a70,4223623b-cc3e-4dde-9ad5-cf06364d7c87,155.76,2023-07-05
53c93ae7-7cf0-4bb3-b343-d9eb7466ef02,38ba8abc-4b53-45e5-97d2-582e046a0df5,163.31,2022-11-12
bb93cd40-d8df-4535-862d-baeade70bd30,610461e3-2a25-4888-8f02-bad0e7067ef4,301.73,2022-03-15
a284e8fd-755c-4e2a-b8de-d777bb1e5ae8,7e8f8095-624c-49b6-b244-45a7b7e58481,499.47,2023-08-12
88d00abd-cbb1-4c79-9036-708dd9a09007,6cd5e859-32a4-47b2-af04-e57dcdccc33a,255.03,2023-02-02
d3293724-6dfd-471a-b7d7-465d37c3b3c9,5eddbbbf-a959-4663-adaa-2e688861fe18,91.33,2022-08-06
d40e53ce-52a7-4a41-84be-d4867ea5a387,a6846099-f729-4951-8591-31d2bbda0242,278.52,2023-03-06
216e9fe5-93f3-4596-8c1c-8b0556771f36,5d65a441-d588-42de-a2bc-372f7412b293,185.66,2023-07-20
57ff51d9-c9ce-44bd-bc3f-1addda385db5,2c8d0e44-e71e-43a6-bf85-bf0ead64b56c,284.92,2023-05-12
c8acffcf-a04d-4d14-997d-bae10bc2ea72,baa4b71a-dd24-47ac-b78e-edb3693dffbc,280.85,2023-11-23
edef5003-1fce-41e3-842b-03ca75a72686,43dac043-2a45-42ab-8cbf-edb0f264accc,238.57,2023-04-16
fde91c42-002c-4c22-b4de-5f7070f81dba,505cc686-9f87-4ce7-9487-fd4febb7a385,174.45,2023-11-13
e8cee951-b047-4ea4-bee5-ce6933cb202e,23b8c1e9-3924-46de-beb1-3b9046685257,110.55,2023-08-21
28b2bf21-4d47-4ed6-a666-3769e1d46f82,acf5e81e-7131-4269-b118-e36477097749,354.8,2023-01-13
40198303-5c45-4e4d-a793-13b817e52113,6651529e-8268-490b-a438-25b559e4b671,294.46,2023-07-14
a61f0b96-e75f-445a-aa1d-3fc65f31273d,ee0caeb5-ecfe-4b99-a790-cebdbfddc3d9,132.11,2022-11-08
4e35da80-a027-4a18-a576-a4100d41ee47,5d65a441-d588-42de-a2bc-372f7412b293,392.26,2023-11-21
6de21429-3bf0-49c1-8156-e501b30e96e8,88bd6407-2bcf-4e01-a28d-efe39bf00273,40.95,2023-11-25
00473139-185d-4528-b425-8e191758d47e,770c7798-37cc-463b-b2a0-345990604f62,377.46,2023-08-08
97fb613a-21f8-4d06-93f3-cade7a10013f,439472e6-da58-4e8a-a25d-6b29afffcfd2,358.51,2023-04-25
0260a123-71ef-472a-ae13-591e84fa4c72,50843242-168b-4625-b46f-78910964fbbf,409.48,2022-07-22
1edf3bfa-d12e-4eb5-97f4-79b5b212a6ee,8498e113-b227-462c-b53d-4330cdda24ba,205.32,2023-11-26
7a4a902f-21d6-4b0f-b1ac-040d6c1cc405,e87d1c78-e7c4-41c7-8049-7b717d106c60,338.57,2023-10-26
bb134f02-16de-46c9-a210-def63a9c4308,ce7ae7f6-3982-4cff-8f77-a665ac3c5640,413.96,2022-08-22
e1887eaf-5e18-45c3-9037-cd6b1a6b6a7d,56dc8907-ba6c-44ab-a712-303a0f844fef,490.79,2023-11-11
d038e153-c601-418b-a1fa-01ba231ae7c7,df465290-61ee-411a-9bac-27a7b386f7a4,257.76,2023-09-07
fe31537a-a43e-458c-a215-df00dfdf0e05,f8e1daa7-cbce-4bde-aede-db07e623a689,37.77,2023-11-13
022b6683-9033-4a65-87cf-63fd11836c4f,89c5b31a-eb6c-4016-8ee6-24d09dac6e83,261.1,2023-12-21
59e7703a-70aa-4b0d-aa03-8ad4a667b982,6651529e-8268-490b-a438-25b559e4b671,303.29,2023-09-02
eb7e2e64-26c0-447e-bf8e-8bfaa0c9da72,53cd6268-610c-4373-8299-9aa40cdf742b,437.46,2023-04-29
dc268108-7140-41a1-afc2-ccfc9db7284b,0c0fd195-c17a-408a-9745-d6d87e570ddf,439.61,2023-11-21
23d7e6a1-19b8-44fc-a587-1d8916312fc6,c715b2b9-c40c-4d91-86fd-e062a33dc7af,231.35,2023-11-28
624fea4b-bae1-4137-96ee-50e51f873b46,bf3c4c06-4343-48bc-89fa-6a688fb5d27b,272.46,2023-08-14
ca840003-5083-4fef-adec-6bbdf69777a1,935f2b0a-a138-4ddc-a2d9-de5d6a18ce4c,239.33,2022-09-17
159152f2-a505-4a9c-86e7-5a2c3f6eed9d,7de31a51-6694-4343-90ba-58e3d2762bdc,366.77,2022-09-07
b89f3a92-999a-4d86-99db-13028dab66d3,77d21e02-ff01-4f99-988c-24c961b1cd22,216.79,2023-10-08
b0c30a59-f0f7-4d22-876a-8e0f48f091f0,ce7ae7f6-3982-4cff-8f77-a665ac3c5640,334.3,2022-06-24
e03635fc-a88d-4108-98d9-94b8d90f74e9,4dd8eb85-b04d-4376-b7fc-97031fd5a423,94.09,2023-08-25
82701238-9b5f-4f39-848b-34f034981735,0a8381be-c85a-4a46-90e0-f4a0fbdd3933,245.36,2023-02-20
a56b61e0-4ba8-44ca-a449-cb6fbf72ae52,ccc56569-f9e8-4369-a999-b735dd56cc94,485.22,2023-10-02
f4655a21-cb35-497a-a5dd-98f1c8a738ab,b02b61c4-a3d7-4628-ace6-6fa2fd5166e6,182.51,2023-06-09
3db788a6-1cdc-44c2-a2c9-65b27eb0f62a,560c95ee-638c-454c-876e-2bba7c5308bf,352.5,2023-12-15
873dc8bd-122d-47be-980b-c81ea3595d1f,4d71c366-b41b-4143-8b10-550cd5704f32,331.92,2023-04-25
51045a16-ef15-4b72-9c70-ee97fca45567,8babce3b-2628-4bfb-a767-dceab0e6a969,428.85,2022-05-10
91816091-d6c6-445c-9c5e-4e786307d4d1,8498e113-b227-462c-b53d-4330cdda24ba,429.12,2023-06-08
2c3aacdc-aed5-4a46-8bde-005b5d8babd7,7a0ecfea-958c-49ba-8cd6-20c20ea2622b,432.48,2023-11-18
c536c66e-fcc4-491b-b457-07c678946a15,56dc8907-ba6c-44ab-a712-303a0f844fef,202.4,2023-09-28
0387f74d-1149-4096-965d-744f0445c1a8,60e7a113-ec1b-4ca1-b91e-1d4c1ff49b78,172.0,2022-09-22
0f7ae302-ec2e-4815-8a32-17d2373aedf8,b02b61c4-a3d7-4628-ace6-6fa2fd5166e6,364.98,2023-08-10
b66edbf4-a0ea-4251-8957-43a281b13b80,acf5e81e-7131-4269-b118-e36477097749,384.51,2023-07-09
b3a9dcaa-6c6f-4d2e-aa59-c043c4615234,5eddbbbf-a959-4663-adaa-2e688861fe18,438.74,2023-01-01
89a3c811-895c-4fde-a3fa-40691519fd38,d7c524a5-5304-417f-af42-e12f3838b326,37.23,2023-12-17
4f560ed5-1566-4e36-8708-203b271610c1,3985c3cf-3f76-4e1d-9efa-21977394988f,52.84,2022-04-21
f96c9a0a-3404-402a-abc1-bb5282e4dd4a,c19ad58c-c35b-4c8c-8a4c-9f7f9384ec2b,322.96,2022-09-14
9620bee6-6406-4ace-93a5-e8508950ddd6,a0ee89ae-d453-4d32-8b0d-bb418d5288f1,462.05,2023-12-28
ae59aa52-a65b-422b-95a3-86d9c362a810,f2311f17-9586-4a76-8511-55ffe7a37e81,498.76,2023-10-27
6fff15cc-b2dc-4c34-8f67-448e10eceb1f,35ce8841-4973-4d6c-8dca-bfb7001a9a8b,378.45,2023-06-03
ecb4678c-1612-4aa6-be96-39ba0ed2ec9d,f3821cfd-c083-473a-873b-d358610e6a64,228.31,2023-11-20
9bdc70d1-9cbf-4b8c-b410-2d5d1db14bfc,4d3485c5-c5c1-4eb4-b27b-3d901a16342c,67.25,2023-10-28
a8761e85-bddf-403a-aa84-30f84f2da233,f5c9b047-9c10-4572-8f6b-40d09efba58b,324.2,2023-12-19
b538f96c-033e-42f7-9e93-d1272cf72140,c88a618e-fed4-457d-bb02-6576f512c4c3,438.84,2023-04-30
7f14eafa-29f0-4f7c-82e7-df89b3957a98,122c9a56-01d7-4256-b860-2ab696a402f2,232.97,2023-09-09
d28fcf68-c871-47b3-8468-b74d85e3ade5,4767d76c-162f-4a24-af43-613cd4aac9a3,353.12,2023-12-20
207e863f-5f32-45d8-aabe-1585425e0259,464c04af-3d3f-4799-a072-95e97c0e8cd8,453.64,2023-09-25
bba1aed9-44cd-4fdd-9f9b-141ec7f7bda1,3531968d-c342-4d2b-b295-456e19675f06,42.08,2023-06-15
55c34853-0783-443c-a65f-ad87c57c7498,8026695f-f8cd-488b-836d-76e2b83cfe0b,402.15,2023-11-06
4350ab06-1059-4a28-861b-4f5b45a08539,35ce8841-4973-4d6c-8dca-bfb7001a9a8b,160.82,2023-01-28
5c311464-82c2-49f0-b487-d7727f0386fa,1247ea4e-2469-48e8-939e-198b44007d5a,199.92,2022-03-31
2ab8bd33-911f-430b-9bff-00b07fe670f3,abf3e3fc-2181-4d25-a552-38a643ff5011,89.87,2023-10-06
1a57f9e4-c5f8-42f8-814f-499428457780,5283aac7-bc0a-4a5d-ae99-6e3ee3b137fc,274.96,2023-11-22
3a78b64a-1d86-40cb-b908-00f3ac93281a,8dedf9fb-4bb0-4f20-b27c-40266703b636,291.65,2023-11-05
dbd30aec-0b46-4173-80a8-547382425912,89c8d2ab-6b44-4a8d-95f2-5073f41402b1,400.41,2023-08-06
5d2d904f-78c5-4073-8bc5-72073e9aec86,3a9aca5e-1761-42ed-869f-14f140181c6e,101.59,2023-11-03
ee6081ac-2dd0-422e-a66b-f2eaeb93f78c,f8e1daa7-cbce-4bde-aede-db07e623a689,57.9,2023-11-03
b6ca1127-e9f8-4970-8d98-f9e28d888beb,dc5c0eed-8da0-465b-b898-97b9405cacec,438.0,2023-08-07
52619dec-3979-45f5-ab5b-c975a7dc2bc0,43f59a85-fbc9-487a-b668-a61794a1875d,317.46,2022-08-10
51e744e4-b864-4a08-aa75-752d6a8fcacb,4eea04e7-0ab5-4bde-a0a0-45026e068097,135.6,2023-05-09
5f705b25-9250-4e59-93f0-6822d3748a11,49e2623d-ebd3-4616-91b7-8d8ed3016989,458.16,2023-01-23
0d7bec04-e6e5-4b32-ac5f-12ef8085c147,dc5c0eed-8da0-465b-b898-97b9405cacec,88.7,2022-05-28
fb3df063-8409-45ea-8de9-18b33922a7e4,cd29a36f-2222-42e1-b4da-aebf1f115b76,241.35,2023-01-13
e0827f76-11a5-49b4-a6a3-02d6f43e8c48,122c9a56-01d7-4256-b860-2ab696a402f2,141.91,2023-10-02
d847dc53-c605-458a-8845-4343ddb449dc,42deffcc-f86c-4ca2-a085-96db1d870966,142.56,2023-01-15
74ed5145-8d97-45c7-961d-5c8753c9fe59,8dcdcd03-969b-4662-8562-8059568cc69b,24.51,2022-07-04
9055a36f-4aa5-49d3-b35f-2f595e717fca,b00805cc-a7f3-4ae9-a5c7-3c443e75c3b4,406.22,2023-09-06
3e19fc1d-9f6a-4a65-bd54-da044dcd0009,146d3f31-fc37-4a4c-8a15-544dc5e7ce8a,452.58,2023-12-11
7e4ce29f-f8cb-4b4c-9779-0e845e472e22,0c0fd195-c17a-408a-9745-d6d87e570ddf,345.25,2023-11-18
c2aef674-8beb-4e78-a683-73a3bb82b796,d36357b6-6f81-4f4f-b701-f7bb7bc67e1f,95.83,2023-12-23
eeb19ad2-01a1-4b0f-a68b-84b63ec0a285,dc815fe7-ceda-4bbb-b171-0434134c6c92,232.03,2023-12-05
58af393c-8aa2-44c9-bba5-bd76061efb95,10435a10-98ae-4334-ac12-ace8ae340454,185.87,2022-11-02
c2492e5e-005f-40e6-95c3-b2dbf374190d,96fc734d-a003-4d28-8a8f-3653c9af18f8,302.03,2023-10-22
4eb9047d-ba2a-43d9-bcf2-fc3bd95874c2,292bd156-db94-4570-9ac7-0ec0ab8ddeb4,326.69,2022-12-03
3cf88d20-fbad-493f-87a1-ec0234879e41,a6f2f7b8-0cf3-4b58-9910-8be58ce21ea3,223.67,2023-08-06
f8f9a45d-0f55-4896-b610-396b7df59abf,7a4c75d4-dc99-404c-b0e9-8b3b40a26c60,140.05,2022-07-18
0b3d0c36-17d0-4810-87a2-a10bb62edb49,27a0c3d7-7c96-4f79-b7e9-9acaa97065e1,425.75,2022-11-23
69be173a-850e-40ad-9872-f72ee5b4a1ae,4d3485c5-c5c1-4eb4-b27b-3d901a16342c,115.62,2023-12-30
f97c6c3c-755d-414b-9f5b-a255e5449887,6c4a37ea-4906-47f2-b47b-6dbac8fe3ccd,204.65,2023-11-18
8163b6ce-1877-4c06-94ad-625215bc2a3e,3eae0032-0bd4-4990-8640-be0f25b8fd4b,251.94,2023-02-25
13281726-64f4-44d6-91e9-1691a3209116,c5c5b37a-f85e-46a1-9dad-09b252c21221,133.86,2022-12-28
21761930-f6d7-4248-a995-ecc36f5b09a6,87ea7ff5-8db0-4746-b927-99735e781fd7,294.52,2023-03-27
50a46c85-d9d5-4b02-82d0-4d554aab47b2,98326856-9434-4a03-bf07-f81491d63f78,295.91,2023-10-15
bc4015fa-d4f7-4322-b362-c0d264988bde,610461e3-2a25-4888-8f02-bad0e7067ef4,496.49,2022-09-12
3bcdf203-459e-4674-b3e7-f042516c3b0a,587ef344-6f3f-420c-98b8-e4cc1bc044fc,161.71,2023-08-03
c7a9f33c-22d8-49d3-b3e4-f986f18cccdc,6651529e-8268-490b-a438-25b559e4b671,489.41,2023-07-24
7316ce64-2a14-4a96-9b0c-62eb27c8fc6c,b540b30e-039f-4a25-8d61-68bd2defe193,335.95,2023-08-18
893259f3-1ee8-4a4c-a811-34e250647c59,5a8aaeca-1a50-4ec3-aabc-25fa3fe12e47,151.75,2023-11-06
73b0d676-3527-45c8-8534-ca08f6f24d1c,a56c0941-fbf2-4050-a748-dbcfac619e63,291.65,2022-11-12
1eb2a7b8-da3c-45ca-83d7-8f2b769de1e3,13432e61-1ca3-4448-8279-b6a68f9797b0,349.18,2023-11-21
4de1087b-afa1-4a55-8ebe-abaa28597b34,11e9cdaa-6e69-41a3-9d3d-9e563270e4fa,377.44,2023-06-15
53ea4919-db48-42c2-95ff-2a1f370b9a29,f54ad0a2-e874-46d7-ad66-a1bd93676a02,43.54,2023-02-11
f7e9101d-3f8b-4433-b60e-695c1759ba96,50843242-168b-4625-b46f-78910964fbbf,311.08,2023-04-18
ad5be3c8-0c88-4714-8372-17e0657046ea,770c7798-37cc-463b-b2a0-345990604f62,258.43,2023-08-25
2c82989f-fd9c-4bb0-91f1-6485429a4a7c,88bd6407-2bcf-4e01-a28d-efe39bf00273,453.99,2023-07-27
73c374a6-dac7-46b6-a786-3fb3f3bc9a71,f1578470-0182-47c4-ba1b-58066160a6b4,157.37,2023-12-06
183fea70-3ff6-479e-8cd4-b90abf8211bc,c04a96c4-f3b6-4fe1-9184-332417e8392a,403.45,2023-06-25
23c97a1e-cb37-4d97-8dcc-2d6a1a16998c,989bc4da-9b37-422b-aa8a-616fc3b290d0,311.39,2023-09-30
c7ecfe71-d493-47fc-8fc9-8d2e030f9be9,39118497-3a43-42ba-9f0f-06cbcb9bc326,189.11,2022-07-10
668c879b-d2dc-42c8-b2b8-d8aa21768dd7,23b8c1e9-3924-46de-beb1-3b9046685257,325.58,2023-10-07
a50a13dc-f004-4897-a15b-2e18afb06406,6c6f7633-a260-4723-97a0-df490d01280f,318.03,2023-10-15
eadc9960-4242-41e2-960b-e0f495132c22,f3821cfd-c083-473a-873b-d358610e6a64,345.33,2023-12-26
10813d45-ff45-48a2-8594-b24f13325c31,bcae8081-bdf0-40aa-b0b5-156bb82c9074,366.05,2023-08-20
cf2e3296-7184-4713-a55f-65b7e709fba6,4eea04e7-0ab5-4bde-a0a0-45026e068097,336.41,2023-01-19
d450afa2-d8e7-4aeb-a7b3-3085178be968,ef7ddc76-b92d-422b-a1df-306f8a0b3c33,422.4,2023-12-26
f1394e3c-0aee-4557-9f5d-f91254e07431,560c95ee-638c-454c-876e-2bba7c5308bf,321.56,2023-11-30
92ea1324-ec93-4596-ab01-57230cf697a5,4767d76c-162f-4a24-af43-613cd4aac9a3,453.63,2023-12-07
7f0223bc-651e-4252-b974-4cded259f960,72bb912d-7da6-4785-b63b-4dc3a559e463,330.24,2023-09-13
2c3d17e2-6d39-4a75-aee7-0ab261fa8e7a,7135f221-a6c9-437f-84da-d06a7872bdeb,168.29,2023-12-21
46653497-2fe9-42aa-a886-a01136f7a26c,93cd59bf-5c94-4cf0-9c98-d2c1e2acf72f,231.6,2023-01-02
08dec921-260c-4547-a228-0fe3722dce13,99546eb4-0025-4ad1-ab22-63dd87c5421e,298.2,2023-12-29
a5b40983-3eeb-404a-9df2-372e9e825aae,96fc734d-a003-4d28-8a8f-3653c9af18f8,371.53,2023-09-20
8cf9eea9-e1fd-46d1-a978-52217fb75c57,abf3e3fc-2181-4d25-a552-38a643ff5011,63.26,2023-11-19
620d4a1f-479f-4628-9674-eb650f9c5300,6142ea7d-17be-4111-9a2a-73ed562b0f79,161.65,2022-07-01
e2789642-a484-4035-b30f-aaa36b52f93c,a9488d99-0bbb-4599-91ce-5dd2b45ed1f0,378.79,2023-08-09
cd5ae324-fe7c-40e9-a179-1e933fc825ac,d248a9a7-ac1a-4554-83c7-5611ffe3fa49,104.31,2023-09-24
61eb64e6-fd49-4e20-84ff-eab2cb7b0b3a,a8e56e0c-20de-435d-a031-d750c40db9b4,83.44,2023-11-04
8b6584ce-7acc-4970-9bee-c570b69f75c5,b380c73a-989d-4d4a-a15c-a6664797b2c9,278.92,2023-12-22
90ce82e8-e9a5-4368-9812-9eb27c13f47a,d9f195d0-1482-4f53-8201-0c62f5f59b22,486.31,2023-06-19
2e0869c1-453b-45fe-a36c-f4995254aad3,88bd6407-2bcf-4e01-a28d-efe39bf00273,274.81,2023-07-26
07806e71-3811-4519-98dc-9e0b51a1f5df,da09dfa0-5282-4d80-84b5-91f797ac6aa8,458.47,2023-02-13
78c04ed8-fdd4-4f21-8f03-f0c80effd5bd,f8e1daa7-cbce-4bde-aede-db07e623a689,418.63,2023-12-21
ffe62994-9580-4c2a-844f-c4b85b80b8d1,11e9cdaa-6e69-41a3-9d3d-9e563270e4fa,143.35,2023-08-29
3f738f50-19a2-476f-a8dd-2bfdf956be95,20ac3703-eb67-446a-b7a6-e17cd72b6108,415.85,2023-07-31
ca8e858c-d0f8-4063-889f-e107443b1d0f,8498e113-b227-462c-b53d-4330cdda24ba,251.29,2023-12-18
ff138c80-c398-4332-8e50-0785bcaff931,8babce3b-2628-4bfb-a767-dceab0e6a969,407.11,2022-07-17
cc21cbdb-fb8f-48c4-98b4-8ead93608edf,3531968d-c342-4d2b-b295-456e19675f06,378.35,2023-09-28
fdd5b0f8-d6d7-44fd-af69-a9805ad479ef,87ea7ff5-8db0-4746-b927-99735e781fd7,182.58,2023-02-06
5168bbf2-97af-4bde-bc8e-9d782d14e9f4,1b049863-7d7d-4bed-9284-476c6b88f83d,75.28,2023-09-07
b4157cea-0738-4ba4-9770-a3dbe9fa97e2,15b52908-a8aa-4158-ab70-e525bc67f831,482.19,2023-05-09
2460d0d2-9048-43c1-9151-9998f2933585,dd334cc7-ab7f-489a-8d5f-4822696608aa,87.56,2023-11-11
fcedf994-d631-4383-b030-14d0f2c84743,0db95301-afbb-411a-a123-5a8c93b7a886,483.92,2023-05-15
7d8d3ddd-2cf1-49cb-8f1e-1a378ac8ad93,7135f221-a6c9-437f-84da-d06a7872bdeb,432.87,2023-12-13
9a069295-3b8d-4447-8e61-065f171b1b80,15b52908-a8aa-4158-ab70-e525bc67f831,367.62,2023-01-25
002ccb25-7a5d-4c82-86c5-547c051a0039,6142ea7d-17be-4111-9a2a-73ed562b0f79,490.37,2022-11-29
ce7334f2-3393-4b6c-9d37-efb6eafb3e90,6123fdf7-7656-4f72-a9d4-beef3eabedcb,484.29,2022-11-07
eb3537a0-2d6e-4291-b789-3986573bfc17,b540b30e-039f-4a25-8d61-68bd2defe193,406.2,2023-12-27
0f3f0f48-52d6-4779-9e43-79cbd8230076,2c8d0e44-e71e-43a6-bf85-bf0ead64b56c,195.57,2023-05-02
eacf33a9-b466-4ab6-962c-04dd25d07461,8dcdcd03-969b-4662-8562-8059568cc69b,399.53,2022-10-16
86bb42c7-d8b2-48b6-9c65-4aa2c63ce21d,b963f37f-6781-4c1f-8c53-0e36addc3e13,26.68,2023-02-16
b45c9a54-5fa3-4531-9291-6e60f5e72daf,96fc734d-a003-4d28-8a8f-3653c9af18f8,277.55,2023-10-29
4d407b28-5628-4dcd-99dd-3e8c96053035,60e7a113-ec1b-4ca1-b91e-1d4c1ff49b78,238.3,2022-11-08
bb7b6c05-2852-4ca2-b9d2-014a22ee7f07,dc5c0eed-8da0-465b-b898-97b9405cacec,342.96,2022-12-14
7cb923f5-f5ed-4382-a3a6-ef83cab63107,0822e8f3-6c03-4199-972a-846916419f82,342.72,2023-06-12
f7ff88d4-b509-408a-ac98-8bca51397c06,ab9099a4-35a2-40ae-9af3-05535ec42e08,300.59,2023-10-06
9d1c0838-edc8-4ca8-a3bc-d6f3b18d2c8c,a56c0941-fbf2-4050-a748-dbcfac619e63,414.76,2023-11-19
96c56fe7-aa60-4892-b926-12e95b58eb49,8dedf9fb-4bb0-4f20-b27c-40266703b636,471.34,2022-08-23
b0416f19-bbe7-4835-8e8b-f78a60ddc7f1,43e42caf-8181-48cc-b691-47eb89a2688b,72.01,2022-11-27
0075d3d5-ba94-4a66-ad7e-4a452099e71f,7de31a51-6694-4343-90ba-58e3d2762bdc,132.23,2023-08-26
d9cb3540-643f-4dae-92a5-4d04f2dde1f5,8026695f-f8cd-488b-836d-76e2b83cfe0b,32.01,2023-12-03
5176a9d1-9a36-44d6-ae9c-e8ff084a3c4b,6b8e869f-d538-4b0e-b4f3-193c0ff0a55c,444.43,2023-04-19
efcac577-1aa6-47cb-90c7-e6aca3bfe403,ae849217-1d53-434b-b881-39b9ae270da7,289.48,2023-12-13
13eb22c9-bece-421a-94c7-743b2401342a,3c07c574-4925-4af1-b6aa-e05b13d5f2f7,459.32,2023-01-31
2afaab7b-51cb-49e5-bb7d-3ba158c88c48,ce7ae7f6-3982-4cff-8f77-a665ac3c5640,126.26,2023-10-11
d2586d90-16b6-4f61-b68c-62e6e2a45909,c5f8bc16-f786-4b50-91c5-8ef0dd463c09,50.34,2023-12-14
725656e3-55f3-4d50-a2fb-b984bab27bce,f6f7f0cc-29ec-4e49-91bd-b8c0c71d5e60,415.45,2022-09-07
b173fcdf-3fe1-48f3-b5ad-de8843e4f668,c754108f-f418-4f3f-8a14-be62295b4715,456.51,2023-12-19
1ba827c6-c97a-44ad-81b4-55b859b9222c,a9f948b2-4e63-44bb-be49-3f43b118f68d,165.05,2023-03-28
bb8aa843-702f-41e5-a2cc-c6040c53644b,de8a774b-cf36-458b-8737-819096da1dac,215.98,2022-11-27
69fd28e6-e271-4ff9-aa95-27f6f8170ebf,0658663a-698c-406f-a1a4-7e102d534dd0,87.09,2023-06-06
8bc83a02-59ea-4936-a0f3-4ebce1bbb8cd,7746d0ba-8ae8-405b-94b4-a48268586eba,474.21,2023-09-06
c9ea356a-7abf-4ebf-942c-b1ae19f738cb,c521bf2d-dc45-4539-803f-3538e4855aa1,166.1,2023-12-30
afe9be90-c21c-4fb3-a6a5-f0ff93fb71d0,2f32751e-5738-411d-b0c2-903f7a8d03aa,256.46,2022-08-03
cc9803de-12de-4e5a-b387-928a29a3db6d,1efd76e9-ce37-44af-99b4-9350af2b99b4,66.65,2023-09-17
42d943ee-5197-4e75-8523-d4fd4b7f2183,5c9d927d-84b8-41bb-b005-68d20de051a6,445.88,2023-06-08
e34f76b4-2b8c-43bf-9780-be1712fecc2b,8d7248e2-951f-48d0-9e84-f058d5a804eb,85.12,2023-02-11
8c0b393a-1333-4bc9-bb63-5ff529310971,614ff3d7-19db-4ad0-9dd1-dfb23b982ef8,237.75,2022-10-15
9d17d218-fc3b-4de5-9812-62ac5683ede0,60e7a113-ec1b-4ca1-b91e-1d4c1ff49b78,341.83,2023-03-12
f143e545-6e6b-44b9-87ef-2ba8b45a6ab3,0db95301-afbb-411a-a123-5a8c93b7a886,376.71,2023-09-17
6f27c1b9-e3c6-4edb-9b79-2afa2a3d418d,c2dff335-5666-4f9f-93ac-2ab974672cd9,474.07,2023-11-22
349ef4a9-54c2-4d5c-99ec-08290db5d441,a9f948b2-4e63-44bb-be49-3f43b118f68d,221.18,2023-06-09
b8d77d2f-8dda-4ff2-b27b-7bb468c690b2,64de82e6-e82c-4d7b-86e7-45f988bc539c,376.29,2023-10-31
4c2272f3-4811-4562-a91c-f19243e8644b,6fa17735-b572-43d0-8b5c-ea6a41357e8c,94.17,2022-07-05
925f8199-6495-4d5f-8cb4-e891188df23b,edd4253b-50f0-4d0a-b50c-ab754ccc9bc2,219.14,2023-11-21
0df407b8-2751-4b86-bdae-c949d700b461,6123fdf7-7656-4f72-a9d4-beef3eabedcb,67.53,2023-05-05
4b6797a1-166e-4fe3-ad77-959500fa0eb4,8d7248e2-951f-48d0-9e84-f058d5a804eb,254.89,2023-09-22
331de35c-7af6-4d41-99a7-b99ba005f5e1,77d21e02-ff01-4f99-988c-24c961b1cd22,215.9,2023-03-24
a3607681-2bbb-489d-b4fa-dee106969d48,acf5e81e-7131-4269-b118-e36477097749,476.73,2023-01-27
d8014004-793b-4d1b-94f9-c394fa207403,6c4a37ea-4906-47f2-b47b-6dbac8fe3ccd,35.7,2023-07-18
788fd0cd-65c0-4b93-88ed-abdd4ef03f80,6fa17735-b572-43d0-8b5c-ea6a41357e8c,197.85,2023-01-16
1754bf08-43d7-4413-a939-ebd1e516b0d4,146d3f31-fc37-4a4c-8a15-544dc5e7ce8a,232.82,2023-12-28
5efb336e-2f54-4033-a334-fa2a8b4bd7e7,e64d1bcb-7027-43a1-9f98-7c71a65e688e,476.27,2023-07-05
0b6c03c8-721e-4419-afc3-e6495e911b91,3764fbda-3108-4448-af65-fafab0ae8f08,430.62,2023-09-17
39eb038a-436e-4c49-b70e-09db7092d401,620e99d3-3b33-43d8-a69c-d696236c7b87,67.69,2023-12-03
26b07ff6-0fc7-4913-9072-76ea44c07a9a,99546eb4-0025-4ad1-ab22-63dd87c5421e,349.13,2022-11-23
cee4e512-5802-4640-ab0b-4cc515f0ea19,bf7b539b-0f9a-4a4b-8acd-4e10bc594585,281.34,2023-10-26
96f84ff7-c1a7-4883-b880-287869fb0763,2af43ab7-5e6f-4a07-8453-6f1d41992fdf,489.36,2023-07-13
6319629b-d73e-4bb9-8f9c-a17b8db8dadf,a5e5a5ab-aefc-4ad8-afc8-9849b3aa7efe,192.16,2023-11-22
891778e8-f733-4094-ab2b-78b985c7f3be,edcb8cb6-0692-4c63-9424-aed51bac5c15,211.11,2023-09-03
79ec533c-3c53-490e-a1b4-1171929d674d,c5c5b37a-f85e-46a1-9dad-09b252c21221,111.11,2023-06-30
da9bccc1-e71c-481a-a511-e61a143665f5,c5c5b37a-f85e-46a1-9dad-09b252c21221,78.64,2022-12-06
844e250b-e684-490c-923b-78208089b8c5,0ef8c2d6-f7fd-4646-b7bb-3eec4bf50b52,427.06,2023-11-02
25bf213d-9eca-481b-bb95-d0fcad72ed05,dc0f2fcf-b3f6-4e0d-8860-3b32b4fb0eb9,238.26,2023-02-03
2c41cbd3-72f4-44ab-81d7-1f4af3025d16,e465e150-bd9c-46b3-ad3c-2d6d1a3d1fa7,338.13,2023-05-03
31567f2a-cef7-4829-b63e-6ef4f8dfcc3a,43dac043-2a45-42ab-8cbf-edb0f264accc,328.02,2023-04-04
fcffe9e3-140f-4589-ac62-4c2c0aeccec7,8441aefd-0299-436a-8e48-522346b98991,306.63,2023-11-10
d2938e6e-ff4d-4930-b3b0-fb536f75ee8a,688c7015-aab9-4e49-8f2d-479681d2c7de,30.25,2023-01-03
51db1a37-4204-4733-9855-0b1ed5881c1c,0ef8c2d6-f7fd-4646-b7bb-3eec4bf50b52,397.66,2023-04-21
65b90e94-8e6d-4263-a35a-775d16476e3f,3a3c563e-4bd6-4ee6-b1b1-b099d52721e7,136.91,2023-12-10
850a48d4-46b5-48de-9b4b-b8eb537d0bd1,1223b513-5496-463c-9c11-10c1080aadfb,80.44,2023-07-31
c95b61f8-032a-461a-9f9b-7c1feacb1f6d,0658663a-698c-406f-a1a4-7e102d534dd0,291.0,2023-11-15
c81c8d31-85c6-4fbf-966b-62ea9f80b96b,1223b513-5496-463c-9c11-10c1080aadfb,52.93,2023-07-16
25f06b0a-264e-459d-aa18-e5af1cce08e9,a8499b92-6b52-42e3-94fc-dd549e8fc965,387.28,2023-11-05
f6ff3521-c225-4530-952a-53459682d9ff,292bd156-db94-4570-9ac7-0ec0ab8ddeb4,119.44,2022-11-30
c7903dc5-900c-4af7-9b0a-e22eecc817a6,1337739e-8d4f-4d27-ac7f-0b793d67cde9,123.66,2022-07-19
891f4683-de12-4bf1-893d-6196c926a021,badcc32a-c159-4f53-8a0f-4efbedcd465e,437.45,2023-12-07
439e754c-6930-46ea-a0bd-a1ee5807cf74,7631de9d-dde9-4863-a2bd-33886db99102,177.71,2023-03-15
9be4f19f-9270-4d60-bc4f-48e4a7a02a3d,c5c5b37a-f85e-46a1-9dad-09b252c21221,90.83,2023-11-12
67294d3c-4681-4a88-ac15-4804099759a3,12a4def0-c4bb-47a9-9988-68dd9c7c7377,452.25,2023-02-13
b193c8b8-ae49-4079-9bd0-d4c79e45455e,85c7504b-c693-4a11-b9c6-a1ca9e50aa42,21.36,2023-08-31
e1035e1c-e3bb-42ae-a552-ac5309eda6f5,c84a7b28-550a-4b46-acab-3301bc8f7d29,432.03,2023-12-28
bee975da-0c9e-4550-bcd1-ff3fb0c58278,43dac043-2a45-42ab-8cbf-edb0f264accc,89.45,2023-08-17
5f584603-e5a3-48e9-84c1-f1b5ebbbd763,75523327-0262-4f73-9292-2f83ef8c485b,82.4,2023-05-05
4d950273-cb2c-4805-9140-3430567e642e,a56c0941-fbf2-4050-a748-dbcfac619e63,140.31,2022-11-14
dbb54645-7dda-41b6-97c4-caed47c4cc51,9e87e04c-a208-4977-a9f2-533683f4a9a9,103.76,2022-12-03
226716e3-3a5b-4ac5-9e70-3b72f8f58a26,45b89cd9-27cb-4f2a-8da0-1097be0f051b,337.31,2023-03-28
c626e38f-716f-4276-be64-ac2af96671a5,f2311f17-9586-4a76-8511-55ffe7a37e81,32.37,2023-12-02
6ab19e15-ba92-492e-84f8-b53c52246d05,ccc56569-f9e8-4369-a999-b735dd56cc94,27.13,2023-10-09
e9d6bb7e-361d-4014-b114-56de301c8db3,baa4b71a-dd24-47ac-b78e-edb3693dffbc,399.19,2023-11-13
c26e2706-7c05-4799-bdae-8eff683c510e,c88a618e-fed4-457d-bb02-6576f512c4c3,134.21,2023-09-24
0e63813e-d22e-4226-9fb8-944dde0018aa,8babce3b-2628-4bfb-a767-dceab0e6a969,175.41,2023-03-04
4fa5c35e-10cc-4604-a8b2-6b1bca9f1d59,e43e4288-a2b5-4498-9cb8-5aedf5f62c97,103.64,2023-12-13
c7cfeca8-22b9-424c-a744-3fb881bd55d5,5563f616-00e8-4ece-8b49-452d46d483f3,45.15,2023-12-01
2c7a0d31-0769-4583-9194-821ee11bf0d4,12a4def0-c4bb-47a9-9988-68dd9c7c7377,376.02,2023-03-04
d6441a9d-3362-4476-953a-e57fe00bd534,53cd6268-610c-4373-8299-9aa40cdf742b,272.52,2022-07-28
0cf173f9-74d9-41f5-8877-58043fde9814,f96b648a-0ba6-4ab9-8639-447b2067bdac,377.92,2022-11-18
5e4c4fd1-4623-43a9-b2f8-dbabb462e3e8,b0cbc61f-3d85-4e89-8217-14298e200724,248.6,2023-11-20
a2aa378c-659e-4258-814f-f65776d70561,e6b3c944-cb32-4e35-b922-bac282dc4c8e,393.45,2023-10-05
5f59fb4d-3def-47ba-87d2-fd4dae61716a,4e2d6645-6dc7-4ac7-bd72-b05096a9954f,266.35,2023-09-23
f5e4a9c1-2d76-4ffa-b233-d5af98133da1,a9f948b2-4e63-44bb-be49-3f43b118f68d,72.35,2023-09-28
5820b3f2-5989-4d6c-8d24-34f9963dc8bf,11e9cdaa-6e69-41a3-9d3d-9e563270e4fa,261.84,2023-08-02
bfbbeab3-4237-4962-a4fd-6c34d6707a21,edd96831-1ca3-4cfb-84fc-6d827d154385,473.8,2022-12-18
0cb5ee5c-62f5-47c2-8706-fec248fa4e98,0db95301-afbb-411a-a123-5a8c93b7a886,40.82,2022-09-01
f704d72f-c7a2-4280-927f-8103da9408c0,bcae8081-bdf0-40aa-b0b5-156bb82c9074,395.95,2023-08-27
39a0f145-a5ba-4050-b8aa-76dfdb6ba39b,30beb45f-6835-44f2-8eb8-1f9d7914c120,436.15,2023-08-23
68d576b8-a6ce-4d7a-84e2-a94b34ec5264,b2b9437a-28df-4ec4-8e4a-2bbdc241330b,270.3,2023-12-28
f796611f-c7c1-4b1b-9d58-631b052226b9,b74d0fb1-32e7-4629-8fad-c1a606cb0fb3,239.86,2023-05-23
a5ba2472-21df-4609-a959-137f795e6f2b,0ef8c2d6-f7fd-4646-b7bb-3eec4bf50b52,482.73,2023-06-01
3948fe22-022a-4dda-8d05-79e299e4704c,505cc686-9f87-4ce7-9487-fd4febb7a385,49.2,2023-09-06
4e329b4b-f168-4605-8e1a-16699bbc6cbc,43dac043-2a45-42ab-8cbf-edb0f264accc,249.91,2023-11-17
467f358b-a48a-4108-b599-277ff78ee9e8,680bac63-b856-4035-bdc9-829015eabb27,212.78,2023-06-28
59450186-da01-4d29-a060-b1ebe53e5f4c,76f72255-c01f-46bf-be6d-d58b7367c28d,349.33,2023-09-13
4d59616b-7779-457f-b7dc-8c784082fcda,0c0fd195-c17a-408a-9745-d6d87e570ddf,255.33,2023-12-20
95a0f356-65ab-49ff-9fa4-a627d30608be,8c459ce2-67f4-4ad5-8d0b-0d1a91b0e1d9,456.66,2023-10-19
a9902071-ffda-4a93-82f2-900401e187d8,587ef344-6f3f-420c-98b8-e4cc1bc044fc,55.28,2023-12-30
a5b83693-8fbb-4749-9fcd-859ed6e18109,8dcdcd03-969b-4662-8562-8059568cc69b,58.78,2023-10-02
af35b30b-4c68-4b17-885d-831c9beab529,663f1c97-9562-49f0-a5d7-b8756dadd6c7,311.98,2022-12-31
fd053963-5616-4f7e-9057-a0027b53359e,4767d76c-162f-4a24-af43-613cd4aac9a3,51.53,2023-11-29
46e1ee40-dc8a-46a7-933c-2ed5a3fe0479,c2b6d2c5-fa5d-4100-91b7-e948d0e6e660,152.01,2023-05-30
e4729be5-f3c2-444a-b60a-3dcca7f77451,3f22faf8-23be-401d-83cf-2fde24933b83,323.88,2023-12-06
846d5a3b-2661-4426-b038-5dd74c7d9313,663f1c97-9562-49f0-a5d7-b8756dadd6c7,283.21,2023-04-13
db7904e0-ce30-461d-8e88-c8ece651e3e1,89d7fd6c-ce77-4f00-acf2-7e7685197ff4,176.09,2023-11-21
23d26b8d-ae46-424d-91d0-5ef3a91883fc,1247ea4e-2469-48e8-939e-198b44007d5a,497.42,2023-08-30
ff5a229e-7f53-4344-a7c8-54e406843c86,99546eb4-0025-4ad1-ab22-63dd87c5421e,274.67,2023-04-26
6793cb09-6b27-4eff-a82b-5b364269c28c,a491f0b2-ea1f-4a65-a27a-984d654821d0,237.78,2023-05-22
b54401cb-9541-4a9d-890a-aa93bc9a7998,b2b9437a-28df-4ec4-8e4a-2bbdc241330b,310.6,2023-04-21
38eccb4d-b69f-4eab-b9ff-2c2957d9cbb0,8babce3b-2628-4bfb-a767-dceab0e6a969,67.61,2023-07-15
79c9c839-c8ef-4377-a368-84f588ddd880,d261a7ab-3aa2-44f9-8e51-f30dc6a7ee39,356.85,2023-12-30
81df62f4-5bc6-47ca-abff-9286f0cf9d73,19985f15-ff00-4d4d-9020-59e4ff9ab5c2,429.34,2022-10-17
a8596f8c-d734-48fe-ab84-3ef3d86d655d,3764fbda-3108-4448-af65-fafab0ae8f08,332.44,2023-11-13
7885187d-18fc-43b7-8b35-6e9a2e5eeb6a,d248a9a7-ac1a-4554-83c7-5611ffe3fa49,389.1,2022-11-05
ceef9fa8-b9a5-44d0-8237-01f1bdacdc5e,0c0fd195-c17a-408a-9745-d6d87e570ddf,366.0,2023-12-24
f269921c-2edd-4141-a9a1-c6d5c34e9baf,c5f8bc16-f786-4b50-91c5-8ef0dd463c09,123.21,2023-04-22
5af3da5a-38e5-4b27-96dc-5a6ea7890770,10714d51-36c5-4dac-b4d7-e28e271e3ee2,236.75,2023-05-11
6ba4170b-4e9d-43e9-9f16-2ec3be848aa2,ee0caeb5-ecfe-4b99-a790-cebdbfddc3d9,129.68,2023-03-17
4b46ef33-95e7-4614-82b4-02815f269466,10435a10-98ae-4334-ac12-ace8ae340454,182.69,2023-10-21
0dbdc5da-7875-45b9-9e26-ed31d9e92758,5eddbbbf-a959-4663-adaa-2e688861fe18,237.68,2023-12-27
f1bdb598-948f-464a-9565-257ba267d32f,d7c524a5-5304-417f-af42-e12f3838b326,219.68,2023-12-18
31cd9f6e-e3b1-4d36-b8e3-6397123b31cf,e43e4288-a2b5-4498-9cb8-5aedf5f62c97,65.64,2023-11-23
61b512ed-ae42-4568-9e14-553b1eac41d9,292bd156-db94-4570-9ac7-0ec0ab8ddeb4,224.85,2023-10-30
deeff82a-0dd7-4158-a9c1-65ae4c610ae8,6808593f-dfed-4c43-a256-a6dc8f5486b7,339.25,2023-06-25
57b936b0-3346-4332-be0a-824e232a5e82,95d82980-ff37-419c-ae76-128b473544f9,199.66,2023-10-18
e8184f34-e491-4f7d-91c4-6efcfcb896bb,9f0fda8d-0537-4ff6-96d7-b3b833094d35,93.27,2023-04-19
b7360c4f-dcc5-4975-90fe-819924aa5685,d7c524a5-5304-417f-af42-e12f3838b326,463.03,2023-09-24
55273407-7cd2-492f-94b0-0f62c768b07f,620e99d3-3b33-43d8-a69c-d696236c7b87,52.22,2023-10-24
a26e865b-503b-4788-ad44-5af8fc9476b1,e6b3c944-cb32-4e35-b922-bac282dc4c8e,419.25,2023-09-22
359a1533-4605-4c0e-b3b9-c2ac0134e76b,9918ee46-1497-4658-b010-f7197e695d0d,64.75,2023-09-14
c3b534db-9387-43c9-ab29-bf36c606ddc4,9a6ec2f5-ccc4-4903-8bcf-53a1bc10fa52,66.35,2023-12-06
c79ddb62-c379-44c1-8903-94ea7d54ec82,3805f907-6cd6-4193-8746-8f591b494e15,374.62,2022-07-24
a22c3d4f-6f07-460f-9d4e-8b5d2120bfba,a6f2f7b8-0cf3-4b58-9910-8be58ce21ea3,409.65,2023-08-09
7a36e788-f71f-49a6-add4-9c966744cb9e,371ecd7b-27cd-4130-8722-9389571aa876,287.06,2023-10-30
330ccff5-88a5-4a0d-89a8-5dc50131ff3b,e0c53cb8-3da9-42a9-8ed4-2f1a3d4cbf37,301.5,2023-12-25
e45a87e8-039a-4ed5-b337-b2615f8392d5,b0cbc61f-3d85-4e89-8217-14298e200724,289.56,2023-05-10
30c9a2be-87f1-448c-954e-7948c1c0c5e3,f6f7f0cc-29ec-4e49-91bd-b8c0c71d5e60,178.23,2022-09-12
bbcd6c18-a06e-4de5-810e-4265ad3f5dd4,964db03f-9340-4fad-9c4a-d56bd6016237,78.67,2022-07-29
58274e80-e082-4918-b18a-d67d39ec8ca1,a39231a7-d777-4477-8c66-e0a8a013ac6e,189.73,2023-05-31
80daa8ca-6230-4d27-9a4b-160621019bff,7de31a51-6694-4343-90ba-58e3d2762bdc,339.36,2023-05-30
d2e76deb-10b6-4662-aac1-d5ca4e5d8f12,8026695f-f8cd-488b-836d-76e2b83cfe0b,380.14,2023-08-23
74b79620-4a73-40bf-b2ce-7eeb4c56fb8f,b540b30e-039f-4a25-8d61-68bd2defe193,436.68,2023-11-28
567c5d44-862c-42fd-98ab-b2e785319f0f,53cd6268-610c-4373-8299-9aa40cdf742b,366.11,2023-05-16
2240063b-fed7-47be-afd0-d2f7e3524444,964db03f-9340-4fad-9c4a-d56bd6016237,484.83,2022-10-10
5bf7dda1-7d7c-49a5-a6c1-1650ff02f5b0,a39231a7-d777-4477-8c66-e0a8a013ac6e,308.2,2023-11-17
e82a3879-f2b5-47ea-aa35-ce30303cb04b,801ef1da-45b1-4d25-b153-3ae8670acc5c,188.79,2023-07-30
ba27bc64-396d-4ffb-ba79-9efa04e55bd5,9132b63e-f162-47e4-a9c3-49e03602f8ac,297.4,2023-11-24
96f61c09-059c-4ba0-bbec-721d3610901c,15b52908-a8aa-4158-ab70-e525bc67f831,122.11,2023-09-04
b60b4f87-5dd8-4ffc-9f87-8b322b429596,a491f0b2-ea1f-4a65-a27a-984d654821d0,335.23,2023-09-01
e0653245-600c-4c71-8990-a647cac8d87e,560c95ee-638c-454c-876e-2bba7c5308bf,127.64,2023-09-11
0c7031eb-9f85-42dd-88e4-4a48c5709e30,a0ee89ae-d453-4d32-8b0d-bb418d5288f1,71.94,2023-12-12
1bad52a8-a976-4c4d-8c47-2187fea35d37,3805f907-6cd6-4193-8746-8f591b494e15,425.78,2023-10-06
b0937085-0c59-41f8-850d-cbfed60bf603,b8db0672-f42d-47cc-80d4-af5974273ca3,196.43,2023-11-23
1fa3ed1f-6158-4f88-b1be-94c36ab1cdb6,114125c6-3a9b-4dd4-8f12-59e0a18ff6b6,386.05,2023-12-17
349b5089-2733-4670-b3ad-a2ba797209c0,6fa17735-b572-43d0-8b5c-ea6a41357e8c,295.57,2023-06-25
4d15f7d8-0261-487a-a15c-159aaf8ca888,f6f7f0cc-29ec-4e49-91bd-b8c0c71d5e60,407.47,2023-07-22
8532fc74-a998-4bdf-99d9-d0b5a962d996,935f2b0a-a138-4ddc-a2d9-de5d6a18ce4c,425.67,2022-12-27
231d260b-b362-4d55-9b0a-da0b9f6facc1,2c8d0e44-e71e-43a6-bf85-bf0ead64b56c,487.78,2023-10-03
82f73861-1adb-48cf-a60c-1638d4a5a81e,ce7ae7f6-3982-4cff-8f77-a665ac3c5640,412.84,2023-12-14
1d2fed2a-485f-4888-9e23-da4b9e21741f,0c0fd195-c17a-408a-9745-d6d87e570ddf,314.52,2023-11-10
3322c68b-9be7-4aec-b2da-81f07f6bd3c6,10714d51-36c5-4dac-b4d7-e28e271e3ee2,328.5,2023-06-11
33a0daa7-f91e-4fcd-85ec-e729d4dd1b56,8a476a87-e49d-481d-91d8-7c6455fa1ab8,32.6,2022-12-07
290e3e89-4b9c-42f4-a8e5-c8cdb4146e4a,2f32751e-5738-411d-b0c2-903f7a8d03aa,465.96,2022-03-11
352b6ec8-e90d-41cb-bf11-1a368c52d271,6fa17735-b572-43d0-8b5c-ea6a41357e8c,418.14,2023-06-20
3c088990-54a2-4051-bb0c-cad9eee13cae,26242b40-a5cb-43a2-b98d-1ca68b6870b5,148.37,2023-12-07
e8294a67-16c8-43d7-abf0-263e03438b64,10714d51-36c5-4dac-b4d7-e28e271e3ee2,106.6,2023-02-12
7e7d9a19-ab45-4578-92fb-acf6d5d1c669,32c5bd89-b70b-4420-b104-3785658b2523,357.3,2022-06-24
82ff1f2e-c78f-47cf-970f-a87bf30ee4fe,10435a10-98ae-4334-ac12-ace8ae340454,168.31,2022-12-23
e79f9f3d-19ee-4c3b-b93c-4b0bb93b770c,17e011b7-f810-4383-83c7-2ba8d605e770,183.12,2023-12-24
fd1935cc-74ed-460e-bb2d-520ba4f34185,27a0c3d7-7c96-4f79-b7e9-9acaa97065e1,22.93,2023-01-12
198d13a4-0cd2-4e43-b6da-e194439db29d,a6f2f7b8-0cf3-4b58-9910-8be58ce21ea3,437.53,2023-05-02
4a629c5e-da2c-4852-8a19-0939dfc7ab26,8babce3b-2628-4bfb-a767-dceab0e6a969,291.83,2022-11-03
6d0e0597-500d-42a7-ad40-9244cd3566ef,8dedf9fb-4bb0-4f20-b27c-40266703b636,212.38,2023-11-03
c219a845-d9eb-404c-9851-d1cf1dabb10a,35c7936c-5b99-42c6-a61f-ecc00a368ce7,88.1,2023-07-01
a9d1a28e-236d-4176-9a1c-96ae0279e2ab,badcc32a-c159-4f53-8a0f-4efbedcd465e,323.92,2023-10-23
e4ffc31a-5b86-4a69-9423-1dbe2ba6b158,6f4cc69a-4b22-4308-9c8e-aee95715bd6f,34.72,2023-04-07
e0e3c5ce-44af-4cb7-9f2e-befcf480b91e,d261a7ab-3aa2-44f9-8e51-f30dc6a7ee39,378.13,2023-08-17
57bcad3a-d0a1-4fe8-9f64-2a5317cba85d,c7fee39f-1190-4938-a66f-d7f739669fa7,123.26,2023-08-01
f659f188-6676-4c75-a699-5af51d24181c,f05db76e-1a84-451a-a9d3-d7c7ee87905e,221.52,2023-12-06
b09d721b-62be-4009-95f0-fb6a4596da75,448aaa9e-66b2-4c5b-90c1-87fcce177b4e,183.63,2023-12-13
a61acd8e-6bf7-440f-8cc6-2fed7a6e43d0,8d7248e2-951f-48d0-9e84-f058d5a804eb,197.63,2022-09-02
b9f6143b-b238-4056-a1ec-47541cf14654,f96b648a-0ba6-4ab9-8639-447b2067bdac,366.37,2022-03-29
28ce231e-d827-4fc3-b145-8426fb481ded,ec856f37-3bc1-4987-aff8-754d1238d630,392.88,2022-10-13
7b90942f-973b-4977-a946-28206a80cac2,0d557b61-8a17-4dfe-bfc0-0dc804f64d86,292.44,2023-12-14
9c7faca6-2e67-4784-b02b-7014adab2c2f,c3fe0183-e172-4725-9b52-ca5805000bc6,60.78,2023-08-18
0760801f-9c81-4c46-9bcd-236cc7774fae,c521bf2d-dc45-4539-803f-3538e4855aa1,45.25,2023-12-30
